Brand,quantity,Prices,Price,ean13,description,name,image,option,category
Jimmy Choo,254,223.75,895,,<span class="pdpBulletContainer">            <span class="pdpBulletHeaderText">            color:            </span>            <span class="pdpBulletContentsText">            Black            </span>            </span>                                                                <span class="pdpBulletContainer">            <span class="pdpBulletContentsText">            Croc-embossed leather            </span>            </span>                                                                <span class="pdpBulletContainer">            <span class="pdpBulletContentsText">            Round toe            </span>            </span>                                                                <span class="pdpBulletContainer">            <span class="pdpBulletContentsText">            Logo plated lace-up vamp            </span>            </span>                                                                <span class="pdpBulletContainer">            <span class="pdpBulletContentsText">            Logo imprint at padded tongue            </span>            </span>                                                                <span class="pdpBulletContainer">            <span class="pdpBulletContentsText">            Thick molded sole featuring insignia; 1'' mid-sole            </span>            </span>                                                                                                                <span class="pdpBulletContainer">            <span class="pdpBulletContentsText">            All measurements are approximate            </span>            </span>                                                                                                         <span class="pdpBulletContainer">            <span class="pdpBulletContentsText">            Leather;            </span>            </span>                                                                                       <span class="pdpBulletContainer">        <span class="pdpBulletContentsText">           Italy;           </span>        </span>    <span class="pdpBulletContainer">           <span class="pdpBulletHeaderText">           style#           </span>          <span class="pdpBulletContentsText">           345922401           </span>    </span>,Jimmy Choo black leather 'Belgravi' croc-embossed high top sneakers,/j/m/345922401.jpg|||/j/m/345922401_alt01.jpg|||/j/m/345922401_alt02.jpg|||/j/m/345922401_alt03.jpg|||/j/m/345922401_alt04.jpg,1:US 8 (EUR 41 - UK 7)|||1:US 8.5 (EUR 41.5 - UK 7.5)|||1:US 9 (EUR 42 - UK 8)|||1:US 9.5 (EUR 42.5 - UK 8.5)|||1:US 10 (EUR 43 - UK 9)|||1:US 10.5 (EUR 43.5 - UK 9.5)|||1:US 11 (EUR 44 - UK 10)|||1:US 12 (EUR 45 - UK 11),Home|||Men|||Sneakers|||Jimmy Choo black leather 'Belgravi' croc-embossed high top sneakers
Jimmy Choo,254,148.75,595,,<span class="pdpBulletContainer">            <span class="pdpBulletHeaderText">            color:            </span>            <span class="pdpBulletContentsText">            Asphalt / White            </span>            </span>                                                                <span class="pdpBulletContainer">            <span class="pdpBulletContentsText">            Crocodile look leather upper with patent trim            </span>            </span>                                                                <span class="pdpBulletContainer">            <span class="pdpBulletContentsText">            Rounded toe            </span>            </span>                                                                <span class="pdpBulletContainer">            <span class="pdpBulletContentsText">            Inset elastic gussets at tongue            </span>            </span>                                                                <span class="pdpBulletContainer">            <span class="pdpBulletContentsText">            Padded leather lining            </span>            </span>                                                                <span class="pdpBulletContainer">            <span class="pdpBulletContentsText">            Rubber sole            </span>            </span>                                                                <span class="pdpBulletContainer">            <span class="pdpBulletContentsText">            ?" molded heel            </span>            </span>                                                                <span class="pdpBulletContainer">            <span class="pdpBulletContentsText">            All measurements are approximate            </span>            </span>                                                                                                                                 <span class="pdpBulletContainer">            <span class="pdpBulletContentsText">            Leather;            </span>            </span>                                                                                       <span class="pdpBulletContainer">        <span class="pdpBulletContentsText">           Italy;           </span>        </span>    <span class="pdpBulletContainer">           <span class="pdpBulletHeaderText">           style#           </span>          <span class="pdpBulletContentsText">           345922301           </span>    </span>,Jimmy Choo asphalt metallic leather 'Grove' moc crocs slip-on sneakers,/j/m/345922301.jpg|||/j/m/345922301_alt01.jpg|||/j/m/345922301_alt02.jpg|||/j/m/345922301_alt03.jpg|||/j/m/345922301_alt04.jpg,1:US 8 (EUR 41 - UK 7)|||1:US 8.5 (EUR 41.5 - UK 7.5)|||1:US 9 (EUR 42 - UK 8)|||1:US 9.5 (EUR 42.5 - UK 8.5)|||1:US 10 (EUR 43 - UK 9)|||1:US 10.5 (EUR 43.5 - UK 9.5)|||1:US 11 (EUR 44 - UK 10)|||1:US 12 (EUR 45 - UK 11),Home|||Men|||Sneakers|||Jimmy Choo asphalt metallic leather 'Grove' moc crocs slip-on sneakers
Jimmy Choo,254,148.75,595,,<span class="pdpBulletContainer">            <span class="pdpBulletHeaderText">            color:            </span>            <span class="pdpBulletContentsText">            Grey / Light Grey            </span>            </span>                                                                <span class="pdpBulletContainer">            <span class="pdpBulletContentsText">            Camouflaged printed sequined fabric upper with calfskin trim            </span>            </span>                                                                <span class="pdpBulletContainer">            <span class="pdpBulletContentsText">            Rounded toe            </span>            </span>                                                                <span class="pdpBulletContainer">            <span class="pdpBulletContentsText">            Slip-on; elasticized gussets at sides            </span>            </span>                                                                <span class="pdpBulletContainer">            <span class="pdpBulletContentsText">            Calfskin trimmed opening            </span>            </span>                                                                <span class="pdpBulletContainer">            <span class="pdpBulletContentsText">            Calfskin lined            </span>            </span>                                                                <span class="pdpBulletContainer">            <span class="pdpBulletContentsText">            Rubber sole with textured arch; 1'' sole            </span>            </span>                                                                                        <span class="pdpBulletContainer">            <span class="pdpBulletContentsText">            All measurements are approximate            </span>            </span>                                                                                                         <span class="pdpBulletContainer">            <span class="pdpBulletContentsText">            Leather / Fabric;            </span>            </span>                                                                                       <span class="pdpBulletContainer">        <span class="pdpBulletContentsText">           Italy;           </span>        </span>    <span class="pdpBulletContainer">           <span class="pdpBulletHeaderText">           style#           </span>          <span class="pdpBulletContentsText">           345922201           </span>    </span>,Jimmy Choo grey camouflage sequined 'Grove' slip-on sneakers,/j/m/345922201.jpg|||/j/m/345922201_alt01.jpg|||/j/m/345922201_alt02.jpg|||/j/m/345922201_alt03.jpg|||/j/m/345922201_alt04.jpg,1:US 8 (EUR 41 - UK 7)|||1:US 8.5 (EUR 41.5 - UK 7.5)|||1:US 9 (EUR 42 - UK 8)|||1:US 9.5 (EUR 42.5 - UK 8.5)|||1:US 10 (EUR 43 - UK 9)|||1:US 10.5 (EUR 43.5 - UK 9.5)|||1:US 11 (EUR 44 - UK 10)|||1:US 12 (EUR 45 - UK 11),Home|||Men|||Sneakers|||Jimmy Choo grey camouflage sequined 'Grove' slip-on sneakers
Jimmy Choo,254,223.75,895,,<span class="pdpBulletContainer">            <span class="pdpBulletHeaderText">            color:            </span>            <span class="pdpBulletContentsText">            Grey            </span>            </span>                                                                <span class="pdpBulletContainer">            <span class="pdpBulletContentsText">            Soft suede leopard print upper with supple leather patches            </span>            </span>                                                                <span class="pdpBulletContainer">            <span class="pdpBulletContentsText">            Rounded toe            </span>            </span>                                                                <span class="pdpBulletContainer">            <span class="pdpBulletContentsText">            Logo plated lace-up vamp            </span>            </span>                                                                <span class="pdpBulletContainer">            <span class="pdpBulletContentsText">            Leather lining            </span>            </span>                                                                <span class="pdpBulletContainer">            <span class="pdpBulletContentsText">            Thick molded sole featuring insignia; 1'' mid-sole            </span>            </span>                                                                                                                <span class="pdpBulletContainer">            <span class="pdpBulletContentsText">            All measurements are approximate            </span>            </span>                                                                                                         <span class="pdpBulletContainer">            <span class="pdpBulletContentsText">            Leather;            </span>            </span>                                                                                       <span class="pdpBulletContainer">        <span class="pdpBulletContentsText">           Italy;           </span>        </span>    <span class="pdpBulletContainer">           <span class="pdpBulletHeaderText">           style#           </span>          <span class="pdpBulletContentsText">           345922601           </span>    </span>,Jimmy Choo grey leather 'Belgravi' leopard high top sneakers,/j/m/345922601.jpg|||/j/m/345922601_alt01.jpg|||/j/m/345922601_alt02.jpg|||/j/m/345922601_alt03.jpg|||/j/m/345922601_alt04.jpg,1:US 8 (EUR 41 - UK 7)|||1:US 8.5 (EUR 41.5 - UK 7.5)|||1:US 9 (EUR 42 - UK 8)|||1:US 9.5 (EUR 42.5 - UK 8.5)|||1:US 10 (EUR 43 - UK 9)|||1:US 10.5 (EUR 43.5 - UK 9.5)|||1:US 11 (EUR 44 - UK 10)|||1:US 12 (EUR 45 - UK 11),Home|||Men|||Sneakers|||Jimmy Choo grey leather 'Belgravi' leopard high top sneakers
Jimmy Choo,254,223.75,895,,<span class="pdpBulletContainer">            <span class="pdpBulletHeaderText">            color:            </span>            <span class="pdpBulletContentsText">            Navy            </span>            </span>                                                                <span class="pdpBulletContainer">            <span class="pdpBulletContentsText">            Croc-embossed leather            </span>            </span>                                                                <span class="pdpBulletContainer">            <span class="pdpBulletContentsText">            Round toe            </span>            </span>                                                                <span class="pdpBulletContainer">            <span class="pdpBulletContentsText">            Logo plated lace-up vamp            </span>            </span>                                                                <span class="pdpBulletContainer">            <span class="pdpBulletContentsText">            Logo imprint at padded tongue            </span>            </span>                                                                <span class="pdpBulletContainer">            <span class="pdpBulletContentsText">            Thick molded sole featuring insignia; 1'' mid-sole            </span>            </span>                                                                                                                <span class="pdpBulletContainer">            <span class="pdpBulletContentsText">            All measurements are approximate            </span>            </span>                                                                                                         <span class="pdpBulletContainer">            <span class="pdpBulletContentsText">            Leather;            </span>            </span>                                                                                       <span class="pdpBulletContainer">        <span class="pdpBulletContentsText">           Italy;           </span>        </span>    <span class="pdpBulletContainer">           <span class="pdpBulletHeaderText">           style#           </span>          <span class="pdpBulletContentsText">           345922501           </span>    </span>,Jimmy Choo navy croc-embossed 'Belgravi' high top sneakers,/j/m/345922501.jpg|||/j/m/345922501_alt01.jpg|||/j/m/345922501_alt02.jpg|||/j/m/345922501_alt03.jpg|||/j/m/345922501_alt04.jpg,1:US 8 (EUR 41 - UK 7)|||1:US 8.5 (EUR 41.5 - UK 7.5)|||1:US 9 (EUR 42 - UK 8)|||1:US 9.5 (EUR 42.5 - UK 8.5)|||1:US 10 (EUR 43 - UK 9)|||1:US 10.5 (EUR 43.5 - UK 9.5)|||1:US 11 (EUR 44 - UK 10)|||1:US 12 (EUR 45 - UK 11),Home|||Men|||Sneakers|||Jimmy Choo navy croc-embossed 'Belgravi' high top sneakers
Jimmy Choo,254,198.75,795,,<span class="pdpBulletContainer">            <span class="pdpBulletHeaderText">            color:            </span>            <span class="pdpBulletContentsText">            Green / Brown / Black            </span>            </span>                                                                <span class="pdpBulletContainer">            <span class="pdpBulletContentsText">            Camo dyed calf hair upper; Fur origin - Italy            </span>            </span>                                                                <span class="pdpBulletContainer">            <span class="pdpBulletContentsText">            Rounded toe            </span>            </span>                                                                <span class="pdpBulletContainer">            <span class="pdpBulletContentsText">            Patent leather trim at opening            </span>            </span>                                                                <span class="pdpBulletContainer">            <span class="pdpBulletContentsText">            Patent leather strip at back heel            </span>            </span>                                                                <span class="pdpBulletContainer">            <span class="pdpBulletContentsText">            Leather interior lining            </span>            </span>                                                                <span class="pdpBulletContainer">            <span class="pdpBulletContentsText">            Shined leather sole features silvertone scorpion detail            </span>            </span>                                                                <span class="pdpBulletContainer">            <span class="pdpBulletContentsText">            ?'' block heel            </span>            </span>                                                                <span class="pdpBulletContainer">            <span class="pdpBulletContentsText">            All measurements are approximate            </span>            </span>                                                                <span class="pdpBulletContainer">            <span class="pdpBulletContentsText">             This item cannot be shipped outside of the US             </span>            </span>                                                                                 <span class="pdpBulletContainer">            <span class="pdpBulletContentsText">            Dyed Calf Hair / Leather;            </span>            </span>                                                                                       <span class="pdpBulletContainer">        <span class="pdpBulletContentsText">           Italy;           </span>        </span>    <span class="pdpBulletContainer">           <span class="pdpBulletHeaderText">           style#           </span>          <span class="pdpBulletContentsText">           326687901           </span>    </span>,Jimmy Choo green camo dyed calf hair and leather 'Sloane' loafers,/j/m/326687901.jpg|||/j/m/326687901_alt01.jpg|||/j/m/326687901_alt02.jpg|||/j/m/326687901_alt03.jpg|||/j/m/326687901_alt04.jpg,1:US 8 (EUR 41 - UK 7)|||1:US 8.5 (EUR 41.5 - UK 7.5)|||1:US 9 (EUR 42 - UK 8)|||1:US 9.5 (EUR 42.5 - UK 8.5)|||1:US 10 (EUR 43 - UK 9)|||1:US 10.5 (EUR 43.5 - UK 9.5)|||1:US 11 (EUR 44 - UK 10)|||1:US 12 (EUR 45 - UK 11),Home|||Men|||Loafers & Slip-ons|||Jimmy Choo green camo dyed calf hair and leather 'Sloane' loafers
Jimmy Choo,254,248.75,995,,"<span class=""pdpBulletContainer"">            <span class=""pdpBulletHeaderText"">            color:            </span>            <span class=""pdpBulletContentsText"">            Grey / Black            </span>            </span>                                                                <span class=""pdpBulletContainer"">            <span class=""pdpBulletContentsText"">            Smooth leather and distressed suede trimmed flannel upper with rubber star stud details            </span>            </span>                                                                <span class=""pdpBulletContainer"">            <span class=""pdpBulletContentsText"">            Rounded toe            </span>            </span>                                                                <span class=""pdpBulletContainer"">            <span class=""pdpBulletContentsText"">            Lace-up vamp            </span>            </span>                                                                <span class=""pdpBulletContainer"">            <span class=""pdpBulletContentsText"">            Logo imprint at padded tongue; padded, distressed suede ankle collar            </span>            </span>                                                                <span class=""pdpBulletContainer"">            <span class=""pdpBulletContentsText"">            Black rubber trim above mid-sole            </span>            </span>                                                                <span class=""pdpBulletContainer"">            <span class=""pdpBulletContentsText"">            Leather lined            </span>            </span>                                                                <span class=""pdpBulletContainer"">            <span class=""pdpBulletContentsText"">            Rubber sole with 1'' mid-sole            </span>            </span>                                                                <span class=""pdpBulletContainer"">            <span class=""pdpBulletContentsText"">            All measurements are approximate            </span>            </span>                                                                                                         <span class=""pdpBulletContainer"">            <span class=""pdpBulletContentsText"">            Leather / Fabric / Rubber;            </span>            </span>                                                                                       <span class=""pdpBulletContainer"">        <span class=""pdpBulletContentsText"">           Italy;           </span>        </span>    <span class=""pdpBulletContainer"">           <span class=""pdpBulletHeaderText"">           style#           </span>          <span class=""pdpBulletContentsText"">           343256101           </span>    </span>",Jimmy Choo grey flannel star studded 'Belgravi' high top sneakers,/j/m/343256101.jpg|||/j/m/343256101_alt01.jpg|||/j/m/343256101_alt02.jpg|||/j/m/343256101_alt03.jpg|||/j/m/343256101_alt04.jpg,1:US 8 (EUR 41 - UK 7)|||1:US 8.5 (EUR 41.5 - UK 7.5)|||1:US 9 (EUR 42 - UK 8)|||1:US 9.5 (EUR 42.5 - UK 8.5)|||1:US 10 (EUR 43 - UK 9)|||1:US 10.5 (EUR 43.5 - UK 9.5)|||1:US 11 (EUR 44 - UK 10)|||1:US 12 (EUR 45 - UK 11),Home|||Men|||Sneakers|||Jimmy Choo grey flannel star studded 'Belgravi' high top sneakers
Jimmy Choo,254,223.75,895,,"<span class=""pdpBulletContainer"">            <span class=""pdpBulletHeaderText"">            color:            </span>            <span class=""pdpBulletContentsText"">            Chocolate / Cobalt            </span>            </span>                                                                <span class=""pdpBulletContainer"">            <span class=""pdpBulletContentsText"">            Soft suede upper            </span>            </span>                                                                <span class=""pdpBulletContainer"">            <span class=""pdpBulletContentsText"">            Rounded, burnout black cap toe            </span>            </span>                                                                <span class=""pdpBulletContainer"">            <span class=""pdpBulletContentsText"">            Laced vamp features eyelets at base and four hook closures; colorfully woven, nylon laces            </span>            </span>                                                                <span class=""pdpBulletContainer"">            <span class=""pdpBulletContentsText"">            Gusseted foam tongue; nylon pull tab at heel            </span>            </span>                                                                <span class=""pdpBulletContainer"">            <span class=""pdpBulletContentsText"">            Dyed shearling lined; Fur Origin: Italy            </span>            </span>                                                                <span class=""pdpBulletContainer"">            <span class=""pdpBulletContentsText"">            Cobalt, ribbed rubber sole with 1'' outsole            </span>            </span>                                                                                        <span class=""pdpBulletContainer"">            <span class=""pdpBulletContentsText"">            All measurements are approximate            </span>            </span>                                                                <span class=""pdpBulletContainer"">            <span class=""pdpBulletContentsText"">            This item cannot be shipped outside of the US            </span>            </span>                                                                                 <span class=""pdpBulletContainer"">            <span class=""pdpBulletContentsText"">            Dyed Lambskin Shearling / Rubber;            </span>            </span>                                                                                       <span class=""pdpBulletContainer"">        <span class=""pdpBulletContentsText"">           Spain;           </span>        </span>    <span class=""pdpBulletContainer"">           <span class=""pdpBulletHeaderText"">           style#           </span>          <span class=""pdpBulletContentsText"">           326687801           </span>    </span>",Jimmy Choo chocolate and cobalt suede shearling lined hi-top 'Cabot' sneakers,/j/m/326687801.jpg|||/j/m/326687801_alt01.jpg|||/j/m/326687801_alt02.jpg|||/j/m/326687801_alt03.jpg|||/j/m/326687801_alt04.jpg,1:US 8 (EUR 41 - UK 7)|||1:US 8.5 (EUR 41.5 - UK 7.5)|||1:US 9 (EUR 42 - UK 8)|||1:US 9.5 (EUR 42.5 - UK 8.5)|||1:US 10 (EUR 43 - UK 9)|||1:US 10.5 (EUR 43.5 - UK 9.5)|||1:US 11 (EUR 44 - UK 10)|||1:US 12 (EUR 45 - UK 11),Home|||Men|||Sneakers|||Jimmy Choo chocolate and cobalt suede shearling lined hi-top 'Cabot' sneakers
Jimmy Choo,254,223.75,895,,"<span class=""pdpBulletContainer"">            <span class=""pdpBulletHeaderText"">            color:            </span>            <span class=""pdpBulletContentsText"">            Charcoal / Neon Green            </span>            </span>                                                                <span class=""pdpBulletContainer"">            <span class=""pdpBulletContentsText"">            Soft suede upper            </span>            </span>                                                                <span class=""pdpBulletContainer"">            <span class=""pdpBulletContentsText"">            Rounded, burnout black cap toe            </span>            </span>                                                                <span class=""pdpBulletContainer"">            <span class=""pdpBulletContentsText"">            Laced vamp features eyelets at base and four hook closures; colorfully woven, nylon laces            </span>            </span>                                                                <span class=""pdpBulletContainer"">            <span class=""pdpBulletContentsText"">            Gusseted foam tongue; nylon pull tab at heel            </span>            </span>                                                                <span class=""pdpBulletContainer"">            <span class=""pdpBulletContentsText"">            Dyed shearling lined; Fur Origin: Italy            </span>            </span>                                                                <span class=""pdpBulletContainer"">            <span class=""pdpBulletContentsText"">            Neon green, ribbed rubber sole with 1'' outsole            </span>            </span>                                                                                                                <span class=""pdpBulletContainer"">            <span class=""pdpBulletContentsText"">            This item cannot be shipped outside of the US            </span>            </span>                                                                                 <span class=""pdpBulletContainer"">            <span class=""pdpBulletContentsText"">            Dyed Lambskin Shearling / Rubber;            </span>            </span>                                                                                       <span class=""pdpBulletContainer"">        <span class=""pdpBulletContentsText"">           Spain;           </span>        </span>    <span class=""pdpBulletContainer"">           <span class=""pdpBulletHeaderText"">           style#           </span>          <span class=""pdpBulletContentsText"">           326687701           </span>    </span>",Jimmy Choo charcoal and neon green suede shearling lined high top 'Cabot' sneakers,/j/m/326687701.jpg|||/j/m/326687701_alt01.jpg|||/j/m/326687701_alt02.jpg|||/j/m/326687701_alt03.jpg|||/j/m/326687701_alt04.jpg,1:US 8 (EUR 41 - UK 7)|||1:US 8.5 (EUR 41.5 - UK 7.5)|||1:US 9 (EUR 42 - UK 8)|||1:US 9.5 (EUR 42.5 - UK 8.5)|||1:US 10 (EUR 43 - UK 9)|||1:US 10.5 (EUR 43.5 - UK 9.5)|||1:US 11 (EUR 44 - UK 10)|||1:US 12 (EUR 45 - UK 11),Home|||Men|||Sneakers|||Jimmy Choo charcoal and neon green suede shearling lined high top 'Cabot' sneakers
Jimmy Choo,254,241.25,965,,<span class="pdpBulletContainer">            <span class="pdpBulletHeaderText">            color:            </span>            <span class="pdpBulletContentsText">            BLACK            </span>            </span>                                                                <span class="pdpBulletContainer">            <span class="pdpBulletContentsText">            Soft canvas upper            </span>            </span>                                                                <span class="pdpBulletContainer">            <span class="pdpBulletContentsText">            Rounded cap toe            </span>            </span>                                                                <span class="pdpBulletContainer">            <span class="pdpBulletContentsText">            Lace up vamp            </span>            </span>                                                                <span class="pdpBulletContainer">            <span class="pdpBulletContentsText">            Large folded over tongue            </span>            </span>                                                                <span class="pdpBulletContainer">            <span class="pdpBulletContentsText">            Gunmetal pyramid studding at trim and foldover collar opening            </span>            </span>                                                                <span class="pdpBulletContainer">            <span class="pdpBulletContentsText">            Leather lining            </span>            </span>                                                                <span class="pdpBulletContainer">            <span class="pdpBulletContentsText">            Rubber sole            </span>            </span>                                                                                                                                 <span class="pdpBulletContainer">            <span class="pdpBulletContentsText">            Canvas / Leather;            </span>            </span>                                                                                       <span class="pdpBulletContainer">        <span class="pdpBulletContentsText">           Spain;           </span>        </span>    <span class="pdpBulletContainer">           <span class="pdpBulletHeaderText">           style#           </span>          <span class="pdpBulletContentsText">           343256301           </span>    </span>,Jimmy Choo grey soft canvas pyramid studding cap toe sneakers,/j/m/343256301.jpg|||/j/m/343256301_alt01.jpg|||/j/m/343256301_alt02.jpg|||/j/m/343256301_alt03.jpg|||/j/m/343256301_alt04.jpg,1:US 8 (EUR 41 - UK 7)|||1:US 8.5 (EUR 41.5 - UK 7.5)|||1:US 9 (EUR 42 - UK 8)|||1:US 9.5 (EUR 42.5 - UK 8.5)|||1:US 10 (EUR 43 - UK 9)|||1:US 10.5 (EUR 43.5 - UK 9.5)|||1:US 11 (EUR 44 - UK 10)|||1:US 12 (EUR 45 - UK 11),Home|||Men|||Sneakers|||Jimmy Choo grey soft canvas pyramid studding cap toe sneakers
Jimmy Choo,254,248.75,995,,<span class="pdpBulletContainer">            <span class="pdpBulletHeaderText">            color:            </span>            <span class="pdpBulletContentsText">            White / Black            </span>            </span>                                                                <span class="pdpBulletContainer">            <span class="pdpBulletContentsText">            Patent leather upper with black distressed detailing and star studs            </span>            </span>                                                                <span class="pdpBulletContainer">            <span class="pdpBulletContentsText">            Rounded toe            </span>            </span>                                                                <span class="pdpBulletContainer">            <span class="pdpBulletContentsText">            Lace-up vamp            </span>            </span>                                                                <span class="pdpBulletContainer">            <span class="pdpBulletContentsText">            Logo imprint at padded tongue; padded ankle collar            </span>            </span>                                                                <span class="pdpBulletContainer">            <span class="pdpBulletContentsText">            Black rubber trim above mid-sole            </span>            </span>                                                                <span class="pdpBulletContainer">            <span class="pdpBulletContentsText">            Leather lined            </span>            </span>                                                                <span class="pdpBulletContainer">            <span class="pdpBulletContentsText">            Beige rubber sole with 1'' mid-sole            </span>            </span>                                                                <span class="pdpBulletContainer">            <span class="pdpBulletContentsText">            All measurements are approximate            </span>            </span>                                                                                                         <span class="pdpBulletContainer">            <span class="pdpBulletContentsText">            Leather / Rubber;            </span>            </span>                                                                                       <span class="pdpBulletContainer">        <span class="pdpBulletContentsText">           Italy;           </span>        </span>    <span class="pdpBulletContainer">           <span class="pdpBulletHeaderText">           style#           </span>          <span class="pdpBulletContentsText">           328410301           </span>    </span>,Jimmy Choo white patent leather star studded 'Belgravi' high top sneakers,/j/m/328410301.jpg|||/j/m/328410301_alt01.jpg|||/j/m/328410301_alt02.jpg|||/j/m/328410301_alt03.jpg|||/j/m/328410301_alt04.jpg,1:US 8 (EUR 41 - UK 7)|||1:US 8.5 (EUR 41.5 - UK 7.5)|||1:US 9 (EUR 42 - UK 8)|||1:US 9.5 (EUR 42.5 - UK 8.5)|||1:US 10 (EUR 43 - UK 9)|||1:US 10.5 (EUR 43.5 - UK 9.5)|||1:US 11 (EUR 44 - UK 10)|||1:US 12 (EUR 45 - UK 11),Home|||Men|||Sneakers|||Jimmy Choo white patent leather star studded 'Belgravi' high top sneakers
Jimmy Choo,254,187.5,750,,<span class="pdpBulletContainer">            <span class="pdpBulletHeaderText">            color:            </span>            <span class="pdpBulletContentsText">            Brown            </span>            </span>                                                                <span class="pdpBulletContainer">            <span class="pdpBulletContentsText">            Sturdy suede upper            </span>            </span>                                                                <span class="pdpBulletContainer">            <span class="pdpBulletContentsText">            Gently tapered round toe with welt seam            </span>            </span>                                                                <span class="pdpBulletContainer">            <span class="pdpBulletContentsText">            Notched vamp with tassel detail            </span>            </span>                                                                <span class="pdpBulletContainer">            <span class="pdpBulletContentsText">            Leather lining            </span>            </span>                                                                <span class="pdpBulletContainer">            <span class="pdpBulletContentsText">            Leather sole            </span>            </span>                                                                <span class="pdpBulletContainer">            <span class="pdpBulletContentsText">            1" heel            </span>            </span>                                                                                        <span class="pdpBulletContainer">            <span class="pdpBulletContentsText">            All measurements are approximate            </span>            </span>                                                                                                         <span class="pdpBulletContainer">            <span class="pdpBulletContentsText">            Leather;            </span>            </span>                                                                                       <span class="pdpBulletContainer">        <span class="pdpBulletContentsText">           Italy;           </span>        </span>    <span class="pdpBulletContainer">           <span class="pdpBulletHeaderText">           style#           </span>          <span class="pdpBulletContentsText">           325813201           </span>    </span>,Jimmy Choo brown leather tassel detailed 'Hamilton Sue' loafers,/j/m/325813201.jpg|||/j/m/325813201_alt01.jpg|||/j/m/325813201_alt02.jpg|||/j/m/325813201_alt03.jpg|||/j/m/325813201_alt04.jpg,1:US 8 (EUR 41 - UK 7)|||1:US 8.5 (EUR 41.5 - UK 7.5)|||1:US 9 (EUR 42 - UK 8)|||1:US 9.5 (EUR 42.5 - UK 8.5)|||1:US 10 (EUR 43 - UK 9)|||1:US 10.5 (EUR 43.5 - UK 9.5)|||1:US 11 (EUR 44 - UK 10)|||1:US 12 (EUR 45 - UK 11),Home|||Men|||Loafers & Slip-ons|||Jimmy Choo brown leather tassel detailed 'Hamilton Sue' loafers
